{"cameraMode":{"drawMode":0,"name":"Shaded","section":"Shading Mode"},"sceneLighting":true,"audioPlay":false,"sceneViewState":{"m_AlwaysRefresh":false,"showFog":true,"showSkybox":true,"showFlares":true,"showImageEffects":true,"showParticleSystems":true,"showVisualEffectGraphs":true,"m_FxEnabled":true},"in2DMode":false,"pivot":{"x":208.8732147216797,"y":468.5545959472656,"z":172.2465057373047},"rotation":{"x":0.14221103489398957,"y":0.040071938186883929,"z":-0.005770428571850061,"w":0.9890283346176148},"size":354.70196533203127,"orthographic":false}