{"cameraMode":{"drawMode":0,"name":"Shaded","section":"Shading Mode"},"sceneLighting":false,"audioPlay":false,"sceneViewState":{"m_AlwaysRefresh":false,"showFog":true,"showSkybox":false,"showFlares":true,"showImageEffects":true,"showParticleSystems":true,"showVisualEffectGraphs":true,"m_FxEnabled":true},"in2DMode":false,"pivot":{"x":0.007808804512023926,"y":0.48623472452163699,"z":0.11123478412628174},"rotation":{"x":0.334990918636322,"y":0.13502384722232819,"z":-0.04859486222267151,"w":0.9312547445297241},"size":1.0941919088363648,"orthographic":false}